[
   {
      "ID":7,
      "Status":3,
      "Ended":false,
      "Timer": 99999,
      "Modifier":0
   },
   {
      "ID":32,
      "Status":3,
      "Ended":false,
      "Timer": 99999,
      "Modifier":0
   },
   {
      "ID":17,
      "Status":3,
      "Ended":false,
      "Timer": 99999,
      "Modifier":1
   },
   {
      "ID":0,
      "Status":3,
      "Ended":false,
      "Timer": 99999,
      "Modifier":0
   },
   {
      "ID":38,
      "Status":3,
      "Ended":false,
      "Timer": 99999,
      "Modifier":0
   },
   {
      "ID":24,
      "Status":3,
      "Ended":false,
      "Timer": 99999,
      "Modifier":3
   },
   {
      "ID": 269,
      "Status":3,
      "Ended":false,
      "Timer": 99999,
      "Modifier":0
   },
   {
      "ID":261,
      "Status":3,
      "Ended":false,
      "Timer": 99999,
      "Modifier":0
   }
]