{
   "GoldPacks":[
      {
         "Cost":20,
         "Amount":150
      },
      {
         "Cost":50,
         "Amount":400
      },
      {
         "Cost":140,
         "Amount":1200
      },
      {
         "Cost":280,
         "Amount":2600
      }
   ],
   "Boxes":[
      {
         "Cost":30,
         "Multiplier":3
      },
      {
         "Cost":80,
         "Multiplier":10
      }
   ],
   "TokenDoubler":[
      {
         "Cost":50,
         "Amount":1000
      }
   ],

   "Offers": [
      {
         "OfferID": 16,
         "DataReference": [16,39],
         "Skin": 0,
         "ShopType": 0,
         "ShopDisplay": 0,
         "Cost": 0,
         "OldCost": 899,
         "Timer": 3600,
         "Multiplier": 2000,
         "OfferText": "SPECIAL OFFER",
         "BGR": "offer_chromatic",
         "ETType": 1,
         "ETMultiplier": 2000,
         "Claimed": false
      },
      
      {
         "OfferID": 8,
         "DataReference": [16,39],
         "Skin": 0,
         "ShopType": 0,
         "ShopDisplay": 0,
         "Cost": 99,
         "OldCost": 0,
         "Timer": 3600,
         "Multiplier": 500,
         "OfferText": "SPECIAL OFFER",
         "BGR": "offer_moon_festival",
         "ETType": 2,
         "ETMultiplier": 0,
         "Claimed": false
      },
      
      {
         "OfferID": 6,
         "DataReference": [16,0],
         "Skin": 0,
         "ShopType": 0,
         "ShopDisplay": 1,
         "Cost": 0,
         "OldCost": 0,
         "Timer": 3600,
         "Multiplier": 1,
         "OfferText": "SPECIAL OFFER",
         "BGR": "offer_moon_festival",
         "ETType": 2,
         "ETMultiplier": 0,
         "Claimed": false
      },
      
      {
         "OfferID": 10,
         "DataReference": [16,39],
         "Skin": 0,
         "ShopType": 0,
         "ShopDisplay": 1,
         "Cost": 20,
         "OldCost": 0,
         "Timer": 3600,
         "Multiplier": 1,
         "OfferText": "SPECIAL OFFER",
         "BGR": "offer_moon_festival",
         "ETType": 2,
         "ETMultiplier": 0,
         "Claimed": false
      },
      
      {
         "OfferID": 10,
         "DataReference": [16,0],
         "Skin": 0,
         "ShopType": 0,
         "ShopDisplay": 0,
         "Cost": 120,
         "OldCost": 170,
         "Timer": 3600,
         "Multiplier": 25,
         "OfferText": "SPECIAL OFFER",
         "BGR": "offer_gems",
         "ETType": 2,
         "ETMultiplier": 0,
         "Claimed": false
      },
      
      {
         "OfferID": 14,
         "DataReference": [16,0],
         "Skin": 0,
         "ShopType": 0,
         "ShopDisplay": 0,
         "Cost": 49,
         "OldCost": 189,
         "Timer": 3600,
         "Multiplier": 5,
         "OfferText": "SPECIAL OFFER",
         "BGR": "offer_archive",
         "ETType": 2,
         "ETMultiplier": 70,
         "Claimed": false
      },
      
      {
         "OfferID": 8,
         "DataReference": [16,38],
         "Skin": 0,
         "ShopType": 1,
         "ShopDisplay": 1,
         "Cost": 90,
         "OldCost": 0,
         "Timer": 3600,
         "Multiplier": 86,
         "OfferText": "SPECIAL OFFER",
         "BGR": "offer_moon_festival",
         "ETType": 2,
         "ETMultiplier": 0,
         "Claimed": false
      },
      
      {
         "OfferID": 8,
         "DataReference": [16,18],
         "Skin": 0,
         "ShopType": 1,
         "ShopDisplay": 1,
         "Cost": 34,
         "OldCost": 0,
         "Timer": 3600,
         "Multiplier": 23,
         "OfferText": "SPECIAL OFFER",
         "BGR": "offer_moon_festival",
         "ETType": 2,
         "ETMultiplier": 0,
         "Claimed": false
      },
      
      {
         "OfferID": 8,
         "DataReference": [16,33],
         "Skin": 0,
         "ShopType": 1,
         "ShopDisplay": 1,
         "Cost": 2000,
         "OldCost": 0,
         "Timer": 3600,
         "Multiplier": 1290,
         "OfferText": "SPECIAL OFFER",
         "BGR": "offer_moon_festival",
         "ETType": 2,
         "ETMultiplier": 0,
         "Claimed": false
      },
      
      {
         "OfferID": 8,
         "DataReference": [16,23],
         "Skin": 0,
         "ShopType": 1,
         "ShopDisplay": 1,
         "Cost": 996,
         "OldCost": 0,
         "Timer": 3600,
         "Multiplier": 825,
         "OfferText": "SPECIAL OFFER",
         "BGR": "offer_moon_festival",
         "ETType": 2,
         "ETMultiplier": 0,
         "Claimed": false
      },
      
      {
         "OfferID": 6,
         "DataReference": [16,0],
         "Skin": 0,
         "ShopType": 1,
         "ShopDisplay": 0,
         "Cost": 1500,
         "OldCost": 0,
         "Timer": 3600,
         "Multiplier": 15,
         "OfferText": "SPECIAL OFFER",
         "BGR": "offer_lny",
         "ETType": 2,
         "ETMultiplier": 30,
         "Claimed": false
      }

   ]
}
